Workbook

Sheet Dashboard
A1: Rocket League Team Manager
A2: Roster, schedule, league record, and overall record tracker
A4: Overall Series Record | E4: Series Win % | J4: Result | K4: Count
A5: =COUNTIF('Match Records'!H:H,"Win")&"-"&COUNTIF('Match Records'!H:H,"Loss")&IF(COUNTIF('Match Records'!H:H,"Tie")>0,"-"&COUNTIF('Match Records'!H:H,"Tie"),"") | D5: =IFERROR(COUNTIF('Match Records'!H:H,"Win")/(COUNTIF('Match Records'!H:H,"Win")+COUNTIF('Match Records'!H:H,"Loss")+COUNTIF('Match Records'!H:H,"Tie")),0) | E5: =IFERROR(COUNTIF('Match Records'!H:H,"Win")/COUNTA('Match Records'!H:H)-1/COUNTA('Match Records'!H:H),0) | J5: Win | K5: =COUNTIF('Match Records'!H:H,J5)
J6: Loss | K6: =COUNTIF('Match Records'!H:H,J6)
A7: Games Record | E7: Game Win % | J7: Tie | K7: =COUNTIF('Match Records'!H:H,J7)
A8: =SUM('Match Records'!F:F)&"-"&SUM('Match Records'!G:G) | D8: =IFERROR(SUM('Match Records'!F:F)/(SUM('Match Records'!F:F)+SUM('Match Records'!G:G)),0) | E8: =IFERROR(SUM('Match Records'!F:F)/(SUM('Match Records'!F:F)+SUM('Match Records'!G:G)),0)
A10: Goal Differential | E10: Goals For / Against
A11: =SUM('Match Records'!J:J)-SUM('Match Records'!K:K) | E11: =SUM('Match Records'!J:J)&" / "&SUM('Match Records'!K:K)
A14: Upcoming Schedule
A15: Date | B15: Type | C15: Opponent/Event | D15: League | E15: Start | F15: Lineup | G15: Status | H15: Link
A16: =IFERROR(INDEX(Schedule!A:A,5),"") | B16: =IFERROR(INDEX(Schedule!B:B,5),"") | C16: =IFERROR(INDEX(Schedule!C:C,5),"") | D16: =IFERROR(INDEX(Schedule!D:D,5),"") | E16: =IFERROR(INDEX(Schedule!E:E,5),"") | F16: =IFERROR(INDEX(Schedule!G:G,5)&", "&INDEX(Schedule!H:H,5)&", "&INDEX(Schedule!I:I,5),"") | G16: =IFERROR(INDEX(Schedule!K:K,5),"") | H16: =IFERROR(INDEX(Schedule!L:L,5),"")
A17: =IFERROR(INDEX(Schedule!A:A,6),"") | B17: =IFERROR(INDEX(Schedule!B:B,6),"") | C17: =IFERROR(INDEX(Schedule!C:C,6),"") | D17: =IFERROR(INDEX(Schedule!D:D,6),"") | E17: =IFERROR(INDEX(Schedule!E:E,6),"") | F17: =IFERROR(INDEX(Schedule!G:G,6)&", "&INDEX(Schedule!H:H,6)&", "&INDEX(Schedule!I:I,6),"") | G17: =IFERROR(INDEX(Schedule!K:K,6),"") | H17: =IFERROR(INDEX(Schedule!L:L,6),"")
A18: =IFERROR(INDEX(Schedule!A:A,7),"") | B18: =IFERROR(INDEX(Schedule!B:B,7),"") | C18: =IFERROR(INDEX(Schedule!C:C,7),"") | D18: =IFERROR(INDEX(Schedule!D:D,7),"") | E18: =IFERROR(INDEX(Schedule!E:E,7),"") | F18: =IFERROR(INDEX(Schedule!G:G,7)&", "&INDEX(Schedule!H:H,7)&", "&INDEX(Schedule!I:I,7),"") | G18: =IFERROR(INDEX(Schedule!K:K,7),"") | H18: =IFERROR(INDEX(Schedule!L:L,7),"")
A19: =IFERROR(INDEX(Schedule!A:A,8),"") | B19: =IFERROR(INDEX(Schedule!B:B,8),"") | C19: =IFERROR(INDEX(Schedule!C:C,8),"") | D19: =IFERROR(INDEX(Schedule!D:D,8),"") | E19: =IFERROR(INDEX(Schedule!E:E,8),"") | F19: =IFERROR(INDEX(Schedule!G:G,8)&", "&INDEX(Schedule!H:H,8)&", "&INDEX(Schedule!I:I,8),"") | G19: =IFERROR(INDEX(Schedule!K:K,8),"") | H19: =IFERROR(INDEX(Schedule!L:L,8),"")
A20: =IFERROR(INDEX(Schedule!A:A,9),"") | B20: =IFERROR(INDEX(Schedule!B:B,9),"") | C20: =IFERROR(INDEX(Schedule!C:C,9),"") | D20: =IFERROR(INDEX(Schedule!D:D,9),"") | E20: =IFERROR(INDEX(Schedule!E:E,9),"") | F20: =IFERROR(INDEX(Schedule!G:G,9)&", "&INDEX(Schedule!H:H,9)&", "&INDEX(Schedule!I:I,9),"") | G20: =IFERROR(INDEX(Schedule!K:K,9),"") | H20: =IFERROR(INDEX(Schedule!L:L,9),"")
A21: =IFERROR(INDEX(Schedule!A:A,10),"") | B21: =IFERROR(INDEX(Schedule!B:B,10),"") | C21: =IFERROR(INDEX(Schedule!C:C,10),"") | D21: =IFERROR(INDEX(Schedule!D:D,10),"") | E21: =IFERROR(INDEX(Schedule!E:E,10),"") | F21: =IFERROR(INDEX(Schedule!G:G,10)&", "&INDEX(Schedule!H:H,10)&", "&INDEX(Schedule!I:I,10),"") | G21: =IFERROR(INDEX(Schedule!K:K,10),"") | H21: =IFERROR(INDEX(Schedule!L:L,10),"")
A22: =IFERROR(INDEX(Schedule!A:A,11),"") | B22: =IFERROR(INDEX(Schedule!B:B,11),"") | C22: =IFERROR(INDEX(Schedule!C:C,11),"") | D22: =IFERROR(INDEX(Schedule!D:D,11),"") | E22: =IFERROR(INDEX(Schedule!E:E,11),"") | F22: =IFERROR(INDEX(Schedule!G:G,11)&", "&INDEX(Schedule!H:H,11)&", "&INDEX(Schedule!I:I,11),"") | G22: =IFERROR(INDEX(Schedule!K:K,11),"") | H22: =IFERROR(INDEX(Schedule!L:L,11),"")
A23: =IFERROR(INDEX(Schedule!A:A,12),"") | B23: =IFERROR(INDEX(Schedule!B:B,12),"") | C23: =IFERROR(INDEX(Schedule!C:C,12),"") | D23: =IFERROR(INDEX(Schedule!D:D,12),"") | E23: =IFERROR(INDEX(Schedule!E:E,12),"") | F23: =IFERROR(INDEX(Schedule!G:G,12)&", "&INDEX(Schedule!H:H,12)&", "&INDEX(Schedule!I:I,12),"") | G23: =IFERROR(INDEX(Schedule!K:K,12),"") | H23: =IFERROR(INDEX(Schedule!L:L,12),"")
A24: =IFERROR(INDEX(Schedule!A:A,13),"") | B24: =IFERROR(INDEX(Schedule!B:B,13),"") | C24: =IFERROR(INDEX(Schedule!C:C,13),"") | D24: =IFERROR(INDEX(Schedule!D:D,13),"") | E24: =IFERROR(INDEX(Schedule!E:E,13),"") | F24: =IFERROR(INDEX(Schedule!G:G,13)&", "&INDEX(Schedule!H:H,13)&", "&INDEX(Schedule!I:I,13),"") | G24: =IFERROR(INDEX(Schedule!K:K,13),"") | H24: =IFERROR(INDEX(Schedule!L:L,13),"")
A25: =IFERROR(INDEX(Schedule!A:A,14),"") | B25: =IFERROR(INDEX(Schedule!B:B,14),"") | C25: =IFERROR(INDEX(Schedule!C:C,14),"") | D25: =IFERROR(INDEX(Schedule!D:D,14),"") | E25: =IFERROR(INDEX(Schedule!E:E,14),"") | F25: =IFERROR(INDEX(Schedule!G:G,14)&", "&INDEX(Schedule!H:H,14)&", "&INDEX(Schedule!I:I,14),"") | G25: =IFERROR(INDEX(Schedule!K:K,14),"") | H25: =IFERROR(INDEX(Schedule!L:L,14),"")

Sheet Roster
A1: Roster
A2: Track player roles, status, ranks, contacts, and notes
A4: Player | B4: Role | C4: Platform | D4: Epic ID | E4: Rank/MMR | F4: Status | G4: Main Car | H4: Contact | I4: Time Zone | J4: Notes
A5: Player 1 | B5: Starter | C5: PC | F5: Active | G5: Octane | I5: ET
A6: Player 2 | B6: Starter | C6: Xbox | F6: Active | G6: Fennec | I6: ET
A7: Player 3 | B7: Starter | C7: PlayStation | F7: Active | G7: Dominus | I7: ET

Sheet Availability
A1: Weekly Availability
A2: Use Available, Tentative, or Unavailable for each player
A4: Player | B4: Monday | C4: Tuesday | D4: Wednesday | E4: Thursday | F4: Friday | G4: Saturday | H4: Sunday | I4: Preferred Time | J4: Notes
A5: =IFERROR(Roster!A5,"")
A6: =IFERROR(Roster!A6,"")
A7: =IFERROR(Roster!A7,"")
A8: =IFERROR(Roster!A8,"")
A9: =IFERROR(Roster!A9,"")
A10: =IFERROR(Roster!A10,"")
A11: =IFERROR(Roster!A11,"")
A12: =IFERROR(Roster!A12,"")
A13: =IFERROR(Roster!A13,"")
A14: =IFERROR(Roster!A14,"")
A15: =IFERROR(Roster!A15,"")
A16: =IFERROR(Roster!A16,"")
... A34: =IFERROR(Roster!A34,"")

Sheet Schedule
A1: Schedule
A2: League matches, practices, scrims, tournaments, and meetings
A4: Date | B4: Type | C4: Opponent/Event | D4: League | E4: Start Time | F4: End Time | G4: Lineup 1 | H4: Lineup 2 | I4: Lineup 3 | J4: Sub | K4: Status | L4: Link/Location | M4: Notes

Sheet Match Records
A1: Match Records
A2: Enter each completed series here; result and series score calculate automatically
A4: Date | B4: League | C4: Opponent | D4: Mode | E4: Round/Week | F4: Our Games Won | G4: Opponent Games Won | H4: Result | I4: Series Score | J4: Our Goals | K4: Opponent Goals | L4: MVP | M4: Replay/VOD Link | N4: Notes
H5: =IF(OR(F5="",G5=""),"",IF(F5>G5,"Win",IF(F5<G5,"Loss","Tie"))) | I5: =IF(OR(F5="",G5=""),"",F5&"-"&G5)
H6: =IF(OR(F6="",G6=""),"",IF(F6>G6,"Win",IF(F6<G6,"Loss","Tie"))) | I6: =IF(OR(F6="",G6=""),"",F6&"-"&G6)
H7: =IF(OR(F7="",G7=""),"",IF(F7>G7,"Win",IF(F7<G7,"Loss","Tie"))) | I7: =IF(OR(F7="",G7=""),"",F7&"-"&G7)
H8: =IF(OR(F8="",G8=""),"",IF(F8>G8,"Win",IF(F8<G8,"Loss","Tie"))) | I8: =IF(OR(F8="",G8=""),"",F8&"-"&G8)
H9: =IF(OR(F9="",G9=""),"",IF(F9>G9,"Win",IF(F9<G9,"Loss","Tie"))) | I9: =IF(OR(F9="",G9=""),"",F9&"-"&G9)
H10: =IF(OR(F10="",G10=""),"",IF(F10>G10,"Win",IF(F10<G10,"Loss","Tie"))) | I10: =IF(OR(F10="",G10=""),"",F10&"-"&G10)
H11: =IF(OR(F11="",G11=""),"",IF(F11>G11,"Win",IF(F11<G11,"Loss","Tie"))) | I11: =IF(OR(F11="",G11=""),"",F11&"-"&G11)
H12: =IF(OR(F12="",G12=""),"",IF(F12>G12,"Win",IF(F12<G12,"Loss","Tie"))) | I12: =IF(OR(F12="",G12=""),"",F12&"-"&G12)
H13: =IF(OR(F13="",G13=""),"",IF(F13>G13,"Win",IF(F13<G13,"Loss","Tie"))) | I13: =IF(OR(F13="",G13=""),"",F13&"-"&G13)
H14: =IF(OR(F14="",G14=""),"",IF(F14>G14,"Win",IF(F14<G14,"Loss","Tie"))) | I14: =IF(OR(F14="",G14=""),"",F14&"-"&G14)
H15: =IF(OR(F15="",G15=""),"",IF(F15>G15,"Win",IF(F15<G15,"Loss","Tie"))) | I15: =IF(OR(F15="",G15=""),"",F15&"-"&G15)
H16: =IF(OR(F16="",G16=""),"",IF(F16>G16,"Win",IF(F16<G16,"Loss","Tie"))) | I16: =IF(OR(F16="",G16=""),"",F16&"-"&G16)
... H204: =IF(OR(F204="",G204=""),"",IF(F204>G204,"Win",IF(F204<G204,"Loss","Tie"))) | I204: =IF(OR(F204="",G204=""),"",F204&"-"&G204)

Sheet League Standings
A1: League Standings
A2: Track your league table and compare teams
A4: Team | B4: Played | C4: Wins | D4: Losses | E4: Ties | F4: Games Won | G4: Games Lost | H4: Goal Diff | I4: Points | J4: Notes
I5: =IF(OR(C5="",D5=""),"",C5*3+E5)
I6: =IF(OR(C6="",D6=""),"",C6*3+E6)
I7: =IF(OR(C7="",D7=""),"",C7*3+E7)
I8: =IF(OR(C8="",D8=""),"",C8*3+E8)
I9: =IF(OR(C9="",D9=""),"",C9*3+E9)
I10: =IF(OR(C10="",D10=""),"",C10*3+E10)
I11: =IF(OR(C11="",D11=""),"",C11*3+E11)
I12: =IF(OR(C12="",D12=""),"",C12*3+E12)
I13: =IF(OR(C13="",D13=""),"",C13*3+E13)
I14: =IF(OR(C14="",D14=""),"",C14*3+E14)
I15: =IF(OR(C15="",D15=""),"",C15*3+E15)
I16: =IF(OR(C16="",D16=""),"",C16*3+E16)
... I34: =IF(OR(C34="",D34=""),"",C34*3+E34)

Sheet Practice Plan
A1: Practice Plan
A2: Plan focused sessions and note what needs review
A4: Date | B4: Focus | C4: Drill/Replay | D4: Players | E4: Start | F4: End | G4: Priority | H4: Completed | I4: Notes

Sheet Lists
A1: Starter | B1: Active | C1: Available | D1: League Match | E1: Scheduled | F1: Win | G1: 3v3
A2: Sub | B2: Inactive | C2: Tentative | D2: Scrim | E2: Completed | F2: Loss | G2: 2v2
A3: Coach | B3: Trial | C3: Unavailable | D3: Practice | E3: Postponed | F3: Tie | G3: 1v1
A4: Manager | B4: Benched | D4: Tournament | E4: Cancelled
D5: Meeting
D6: VOD Review
